PVCZ,Cohort,Alpha,Year,Expected EoL Systems,Install_Midpoint,System_Age
T6:H4,2005–2009,2.4928,2025,4.10630487225877,2007,18
T6:H4,2005–2009,2.4928,2026,4.021326803952603,2007,19
T6:H4,2005–2009,2.4928,2027,3.8868937650129443,2007,20
T6:H4,2005–2009,2.4928,2028,3.7088670426724493,2007,21
T6:H4,2005–2009,2.4928,2029,3.494224248003327,2007,22
T6:H4,2005–2009,2.4928,2030,3.250700948321681,2007,23
T6:H4,2005–2009,2.4928,2031,2.9864119473334383,2007,24
T6:H4,2005–2009,2.4928,2032,2.709476434846965,2007,25
T6:H4,2005–2009,2.4928,2033,2.427669923846746,2007,26
T6:H4,2005–2009,2.4928,2034,2.148122727179344,2007,27
T6:H4,2005–2009,2.4928,2035,1.8770800752268124,2007,28
T6:H4,2005–2009,2.4928,2036,1.6197333558430853,2007,29
T6:H4,2005–2009,2.4928,2037,1.380125959756118,2007,30
T6:H4,2005–2009,2.4928,2038,1.1611314329239197,2007,31
T6:H4,2005–2009,2.4928,2039,0.9644966002938409,2007,32
T6:H4,2005–2009,2.4928,2040,0.7909384387670859,2007,33
T6:H4,2005–2009,2.4928,2041,0.6402809870134731,2007,34
T6:H4,2005–2009,2.4928,2042,0.5116175589785331,2007,35
T6:H4,2005–2009,2.4928,2043,0.40348388582370176,2007,36
T6:H4,2005–2009,2.4928,2044,0.31402932302069764,2007,37
T6:H4,2005–2009,2.4928,2045,0.2411756099999447,2007,38
T6:H4,2005–2009,2.4928,2046,0.18275550225637882,2007,39
T6:H4,2005–2009,2.4928,2047,0.13662655953087088,2007,40
T6:H4,2005–2009,2.4928,2048,0.1007581640648787,2007,41
T6:H4,2005–2009,2.4928,2049,0.07329222904337018,2007,42
T6:H4,2005–2009,2.4928,2050,0.052579895341564264,2007,43
T6:H4,2005–2009,2.4928,2051,0.03719774770592588,2007,44
T6:H4,2005–2009,2.4928,2052,0.025947728532628722,2007,45
T6:H4,2005–2009,2.4928,2053,0.017845064841338187,2007,46
T6:H4,2005–2009,2.4928,2054,0.012098263868199344,2007,47
T6:H4,2005–2009,2.4928,2055,0.008084701140289474,2007,48
T6:H4,2005–2009,2.4928,2056,0.0053246442860622745,2007,49
T6:H4,2005–2009,2.4928,2057,0.003455831511445129,2007,50
T6:H4,2005–2009,2.4928,2058,0.0022100363393772193,2007,51
T6:H4,2005–2009,2.4928,2059,0.0013924535155173112,2007,52
T6:H4,2005–2009,2.4928,2060,0.0008642631323800831,2007,53
T6:H4,2005–2009,5.3759,2025,7.413040665541446,2007,18
T6:H4,2005–2009,5.3759,2026,8.043181954157568,2007,19
T6:H4,2005–2009,5.3759,2027,8.255281395311917,2007,20
T6:H4,2005–2009,5.3759,2028,7.959515691407256,2007,21
T6:H4,2005–2009,5.3759,2029,7.150551985920526,2007,22
T6:H4,2005–2009,5.3759,2030,5.929150986601262,2007,23
T6:H4,2005–2009,5.3759,2031,4.489357619954651,2007,24
T6:H4,2005–2009,5.3759,2032,3.0666947272355087,2007,25
T6:H4,2005–2009,5.3759,2033,1.864675666452631,2007,26
T6:H4,2005–2009,5.3759,2034,0.9942772984531195,2007,27
T6:H4,2005–2009,5.3759,2035,0.4573596081709361,2007,28
T6:H4,2005–2009,5.3759,2036,0.17825974211800666,2007,29
T6:H4,2005–2009,5.3759,2037,0.05772858051240015,2007,30
T6:H4,2005–2009,5.3759,2038,0.015206751877752223,2007,31
T6:H4,2005–2009,5.3759,2039,0.003184143889921942,2007,32
T6:H4,2005–2009,5.3759,2040,0.0005169671157213562,2007,33
T6:H4,2005–2009,5.3759,2041,6.335925212241911e-05,2007,34
T6:H4,2005–2009,5.3759,2042,5.695207357714338e-06,2007,35
T6:H4,2005–2009,5.3759,2043,3.63996100705144e-07,2007,36
T6:H4,2005–2009,5.3759,2044,1.5999589320081498e-08,2007,37
T6:H4,2005–2009,5.3759,2045,4.666861341817707e-10,2007,38
T6:H4,2005–2009,5.3759,2046,8.689604591438638e-12,2007,39
T6:H4,2005–2009,5.3759,2047,1.0136336214827679e-13,2007,40
T6:H4,2005–2009,5.3759,2048,0.0,2007,41
T6:H4,2005–2009,5.3759,2049,0.0,2007,42
T6:H4,2005–2009,5.3759,2050,0.0,2007,43
T6:H4,2005–2009,5.3759,2051,0.0,2007,44
T6:H4,2005–2009,5.3759,2052,0.0,2007,45
T6:H4,2005–2009,5.3759,2053,0.0,2007,46
T6:H4,2005–2009,5.3759,2054,0.0,2007,47
T6:H4,2005–2009,5.3759,2055,0.0,2007,48
T6:H4,2005–2009,5.3759,2056,0.0,2007,49
T6:H4,2005–2009,5.3759,2057,0.0,2007,50
T6:H4,2005–2009,5.3759,2058,0.0,2007,51
T6:H4,2005–2009,5.3759,2059,0.0,2007,52
T6:H4,2005–2009,5.3759,2060,0.0,2007,53
T6:H4,2010–2014,2.4928,2025,33.887906898491956,2012,13
T6:H4,2010–2014,2.4928,2026,35.658783647127386,2012,14
T6:H4,2010–2014,2.4928,2027,36.93856132010745,2012,15
T6:H4,2010–2014,2.4928,2028,37.70026338431638,2012,16
T6:H4,2010–2014,2.4928,2029,37.93445219732476,2012,17
T6:H4,2010–2014,2.4928,2030,37.64937358781836,2012,18
T6:H4,2010–2014,2.4928,2031,36.870237322987116,2012,19
T6:H4,2010–2014,2.4928,2032,35.63766452017892,2012,20
T6:H4,2010–2014,2.4928,2033,34.00539541534619,2012,21
T6:H4,2010–2014,2.4928,2034,32.03740545458472,2012,22
T6:H4,2010–2014,2.4928,2035,29.804619538226493,2012,23
T6:H4,2010–2014,2.4928,2036,27.38143966169574,2012,24
T6:H4,2010–2014,2.4928,2037,24.842308035163136,2012,25
T6:H4,2010–2014,2.4928,2038,22.258515807799686,2012,26
T6:H4,2010–2014,2.4928,2039,19.695438498596154,2012,27
T6:H4,2010–2014,2.4928,2040,17.21033659334463,2012,28
T6:H4,2010–2014,2.4928,2041,14.850808238513109,2012,29
T6:H4,2010–2014,2.4928,2042,12.653925968366334,2012,30
T6:H4,2010–2014,2.4928,2043,10.646036391025337,2012,31
T6:H4,2010–2014,2.4928,2044,8.843155576188106,2012,32
T6:H4,2010–2014,2.4928,2045,7.251857251828342,2012,33
T6:H4,2010–2014,2.4928,2046,5.870528085750037,2012,34
T6:H4,2010–2014,2.4928,2047,4.690854968465827,2012,35
T6:H4,2010–2014,2.4928,2048,3.6994124953233376,2012,36
T6:H4,2010–2014,2.4928,2049,2.879232708659649,2012,37
T6:H4,2010–2014,2.4928,2050,2.2112607133729867,2012,38
T6:H4,2010–2014,2.4928,2051,1.675625749603666,2012,39
T6:H4,2010–2014,2.4928,2052,1.2526844795541294,2012,40
T6:H4,2010–2014,2.4928,2053,0.9238188295587071,2012,41
T6:H4,2010–2014,2.4928,2054,0.6719926060482495,2012,42
T6:H4,2010–2014,2.4928,2055,0.48208795608349886,2012,43
T6:H4,2010–2014,2.4928,2056,0.34105404824348906,2012,44
T6:H4,2010–2014,2.4928,2057,0.23790628208831877,2012,45
T6:H4,2010–2014,2.4928,2058,0.16361559450913687,2012,46
T6:H4,2010–2014,2.4928,2059,0.11092504582770724,2012,47
T6:H4,2010–2014,2.4928,2060,0.07412599479229265,2012,48
T6:H4,2010–2014,5.3759,2025,23.044707498988405,2012,13
T6:H4,2010–2014,5.3759,2026,31.014214387743888,2012,14
T6:H4,2010–2014,5.3759,2027,40.14899485077418,2012,15
T6:H4,2010–2014,5.3759,2028,49.951316878466166,2012,16
T6:H4,2010–2014,5.3759,2029,59.599857729717336,2012,17
T6:H4,2010–2014,5.3759,2030,67.96775839128964,2012,18
T6:H4,2010–2014,5.3759,2031,73.74531888089048,2012,19
T6:H4,2010–2014,5.3759,2032,75.68998966063094,2012,20
T6:H4,2010–2014,5.3759,2033,72.97821013446894,2012,21
T6:H4,2010–2014,5.3759,2034,65.56108507572915,2012,22
T6:H4,2010–2014,5.3759,2035,54.362456636187474,2012,23
T6:H4,2010–2014,5.3759,2036,41.16145962392156,2012,24
T6:H4,2010–2014,5.3759,2037,28.117526354532796,2012,25
T6:H4,2010–2014,5.3759,2038,17.09660460446328,2012,26
T6:H4,2010–2014,5.3759,2039,9.116205109913542,2012,27
T6:H4,2010–2014,5.3759,2040,4.19338146768774,2012,28
T6:H4,2010–2014,5.3759,2041,1.6344055873711212,2012,29
T6:H4,2010–2014,5.3759,2042,0.5292945755414038,2012,30
T6:H4,2010–2014,5.3759,2043,0.1394257611924029,2012,31
T6:H4,2010–2014,5.3759,2044,0.029194379520850577,2012,32
T6:H4,2010–2014,5.3759,2045,0.004739903314023519,2012,33
T6:H4,2010–2014,5.3759,2046,0.0005809203718694089,2012,34
T6:H4,2010–2014,5.3759,2047,5.2217503605067606e-05,2012,35
T6:H4,2010–2014,5.3759,2048,3.3373618389953563e-06,2012,36
T6:H4,2010–2014,5.3759,2049,1.4669502979014482e-07,2012,37
T6:H4,2010–2014,5.3759,2050,4.278893350750934e-09,2012,38
T6:H4,2010–2014,5.3759,2051,7.967215776005787e-11,2012,39
T6:H4,2010–2014,5.3759,2052,9.293676939137185e-13,2012,40
T6:H4,2010–2014,5.3759,2053,0.0,2012,41
T6:H4,2010–2014,5.3759,2054,0.0,2012,42
T6:H4,2010–2014,5.3759,2055,0.0,2012,43
T6:H4,2010–2014,5.3759,2056,0.0,2012,44
T6:H4,2010–2014,5.3759,2057,0.0,2012,45
T6:H4,2010–2014,5.3759,2058,0.0,2012,46
T6:H4,2010–2014,5.3759,2059,0.0,2012,47
T6:H4,2010–2014,5.3759,2060,0.0,2012,48
T6:H4,2015–2019,2.4928,2025,25.033893821514738,2017,8
T6:H4,2015–2019,2.4928,2026,29.251952404377796,2017,9
T6:H4,2015–2019,2.4928,2027,33.279695950232615,2017,10
T6:H4,2015–2019,2.4928,2028,37.00519640667039,2017,11
T6:H4,2015–2019,2.4928,2029,40.325516323225905,2017,12
T6:H4,2015–2019,2.4928,2030,43.15030457902589,2017,13
T6:H4,2015–2019,2.4928,2031,45.4052054586944,2017,14
T6:H4,2015–2019,2.4928,2032,47.034777817587546,2017,15
T6:H4,2015–2019,2.4928,2033,48.00467177319655,2017,16
T6:H4,2015–2019,2.4928,2034,48.30287014350551,2017,17
T6:H4,2015–2019,2.4928,2035,47.93987254480419,2017,18
T6:H4,2015–2019,2.4928,2036,46.9477791931334,2017,19
T6:H4,2015–2019,2.4928,2037,45.37831395539208,2017,20
T6:H4,2015–2019,2.4928,2038,43.29990559457354,2017,21
T6:H4,2015–2019,2.4928,2039,40.794015618255706,2017,22
T6:H4,2015–2019,2.4928,2040,37.95095444486396,2017,23
T6:H4,2015–2019,2.4928,2041,34.86545996344701,2017,24
T6:H4,2015–2019,2.4928,2042,31.63232126947842,2017,25
T6:H4,2015–2019,2.4928,2043,28.342315135030084,2017,26
T6:H4,2015–2019,2.4928,2044,25.078685814901018,2017,27
T6:H4,2015–2019,2.4928,2045,21.914344492708207,2017,28
T6:H4,2015–2019,2.4928,2046,18.9098990579753,2017,29
T6:H4,2015–2019,2.4928,2047,16.11255487956239,2017,30
T6:H4,2015–2019,2.4928,2048,13.555859741003353,2017,31
T6:H4,2015–2019,2.4928,2049,11.260207297406406,2017,32
T6:H4,2015–2019,2.4928,2050,9.23396803813622,2017,33
T6:H4,2015–2019,2.4928,2051,7.475087667663319,2017,34
T6:H4,2015–2019,2.4928,2052,5.972980899399983,2017,35
T6:H4,2015–2019,2.4928,2053,4.710552835700807,2017,36
T6:H4,2015–2019,2.4928,2054,3.6661977591211565,2017,37
T6:H4,2015–2019,2.4928,2055,2.81565260349333,2017,38
T6:H4,2015–2019,2.4928,2056,2.1336154420051936,2017,39
T6:H4,2015–2019,2.4928,2057,1.5950739299447456,2017,40
T6:H4,2015–2019,2.4928,2058,1.176321216612861,2017,41
T6:H4,2015–2019,2.4928,2059,0.8556646981087435,2017,42
T6:H4,2015–2019,2.4928,2060,0.6138544407948888,2017,43
T6:H4,2015–2019,5.3759,2025,3.3964489204917965,2017,8
T6:H4,2015–2019,5.3759,2026,5.8312385710924195,2017,9
T6:H4,2015–2019,5.3759,2027,9.395976827187507,2017,10
T6:H4,2015–2019,5.3759,2028,14.359866853429425,2017,11
T6:H4,2015–2019,5.3759,2029,20.959786931634813,2017,12
T6:H4,2015–2019,5.3759,2030,29.343392334454354,2017,13
T6:H4,2015–2019,5.3759,2031,39.49116129004445,2017,14
T6:H4,2015–2019,5.3759,2032,51.12270172194504,2017,15
T6:H4,2015–2019,5.3759,2033,63.60423923158175,2017,16
T6:H4,2015–2019,5.3759,2034,75.88996339040223,2017,17
T6:H4,2015–2019,5.3759,2035,86.54501692662241,2017,18
T6:H4,2015–2019,5.3759,2036,93.90172666962269,2017,19
T6:H4,2015–2019,5.3759,2037,96.37792375972586,2017,20
T6:H4,2015–2019,5.3759,2038,92.92494825269435,2017,21
T6:H4,2015–2019,5.3759,2039,83.48054065490348,2017,22
T6:H4,2015–2019,5.3759,2040,69.22105187971835,2017,23
T6:H4,2015–2019,5.3759,2041,52.41189799681996,2017,24
T6:H4,2015–2019,5.3759,2042,35.80273723724347,2017,25
T6:H4,2015–2019,5.3759,2043,21.769526756537342,2017,26
T6:H4,2015–2019,5.3759,2044,11.607887978326179,2017,27
T6:H4,2015–2019,5.3759,2045,5.3395356664775555,2017,28
T6:H4,2015–2019,5.3759,2046,2.0811287965343186,2017,29
T6:H4,2015–2019,5.3759,2047,0.6739637893556114,2017,30
T6:H4,2015–2019,5.3759,2048,0.17753424782580607,2017,31
T6:H4,2015–2019,5.3759,2049,0.03717392083535376,2017,32
T6:H4,2015–2019,5.3759,2050,0.006035435363060171,2017,33
T6:H4,2015–2019,5.3759,2051,0.000739700184417158,2017,34
T6:H4,2015–2019,5.3759,2052,6.648983047741197e-05,2017,35
T6:H4,2015–2019,5.3759,2053,4.249544838352826e-06,2017,36
T6:H4,2015–2019,5.3759,2054,1.8679038615854182e-07,2017,37
T6:H4,2015–2019,5.3759,2055,5.448420048459468e-09,2017,38
T6:H4,2015–2019,5.3759,2056,1.0144851625426554e-10,2017,39
T6:H4,2015–2019,5.3759,2057,1.1833867219479544e-12,2017,40
T6:H4,2015–2019,5.3759,2058,0.0,2017,41
T6:H4,2015–2019,5.3759,2059,0.0,2017,42
T6:H4,2015–2019,5.3759,2060,0.0,2017,43
T6:H4,2020–2024,2.4928,2025,22.40144586990317,2022,3
T6:H4,2020–2024,2.4928,2026,36.662554456680915,2022,4
T6:H4,2020–2024,2.4928,2027,52.71224661794169,2022,5
T6:H4,2020–2024,2.4928,2028,69.99953456523951,2022,6
T6:H4,2020–2024,2.4928,2029,88.00259740198597,2022,7
T6:H4,2020–2024,2.4928,2030,106.20674664628183,2022,8
T6:H4,2020–2024,2.4928,2031,124.10193636160693,2022,9
T6:H4,2020–2024,2.4928,2032,141.18971109536253,2022,10
T6:H4,2020–2024,2.4928,2033,156.99521406379978,2022,11
T6:H4,2020–2024,2.4928,2034,171.08173127428452,2022,12
T6:H4,2020–2024,2.4928,2035,183.06594646478374,2022,13
T6:H4,2020–2024,2.4928,2036,192.6324041699615,2022,14
T6:H4,2020–2024,2.4928,2037,199.54589433240702,2022,15
T6:H4,2020–2024,2.4928,2038,203.6606869552229,2022,16
T6:H4,2020–2024,2.4928,2039,204.92579892667817,2022,17
T6:H4,2020–2024,2.4928,2040,203.38577505850364,2022,18
T6:H4,2020–2024,2.4928,2041,199.17680109697773,2022,19
T6:H4,2020–2024,2.4928,2042,192.51831648154473,2022,20
T6:H4,2020–2024,2.4928,2043,183.70063147501733,2022,21
T6:H4,2020–2024,2.4928,2044,173.06934799447805,2022,22
T6:H4,2020–2024,2.4928,2045,161.0076096210895,2022,23
T6:H4,2020–2024,2.4928,2046,147.91734356009354,2022,24
T6:H4,2020–2024,2.4928,2047,134.20069426091413,2022,25
T6:H4,2020–2024,2.4928,2048,120.24278381848161,2022,26
T6:H4,2020–2024,2.4928,2049,106.39677748716004,2022,27
T6:H4,2020–2024,2.4928,2050,92.97200228020995,2022,28
T6:H4,2020–2024,2.4928,2051,80.22558826350512,2022,29
T6:H4,2020–2024,2.4928,2052,68.35780506695664,2022,30
T6:H4,2020–2024,2.4928,2053,57.51097976807511,2022,31
T6:H4,2020–2024,2.4928,2054,47.77163281696361,2022,32
T6:H4,2020–2024,2.4928,2055,39.17527616592157,2022,33
T6:H4,2020–2024,2.4928,2056,31.713194429064917,2022,34
T6:H4,2020–2024,2.4928,2057,25.340479336876502,2022,35
T6:H4,2020–2024,2.4928,2058,19.984605477364312,2022,36
T6:H4,2020–2024,2.4928,2059,15.553910204073349,2022,37
T6:H4,2020–2024,2.4928,2060,11.94545702059967,2022,38
T6:H4,2020–2024,5.3759,2025,0.1286309748502972,2022,3
T6:H4,2020–2024,5.3759,2026,0.5358764582631398,2022,4
T6:H4,2020–2024,5.3759,2027,1.578438515813351,2022,5
T6:H4,2020–2024,5.3759,2028,3.7586842379958876,2022,6
T6:H4,2020–2024,5.3759,2029,7.7522652738258255,2022,7
T6:H4,2020–2024,5.3759,2030,14.409495884563235,2022,8
T6:H4,2020–2024,5.3759,2031,24.739134949185694,2022,9
T6:H4,2020–2024,5.3759,2032,39.862601379326975,2022,10
T6:H4,2020–2024,5.3759,2033,60.92199446279501,2022,11
T6:H4,2020–2024,5.3759,2034,88.92227458818444,2022,12
T6:H4,2020–2024,5.3759,2035,124.48987191634866,2022,13
T6:H4,2020–2024,5.3759,2036,167.54196497768083,2022,14
T6:H4,2020–2024,5.3759,2037,216.8889853239588,2022,15
T6:H4,2020–2024,5.3759,2038,269.84213362335663,2022,16
T6:H4,2020–2024,5.3759,2039,321.96454024555584,2022,17
T6:H4,2020–2024,5.3759,2040,367.1687973016974,2022,18
T6:H4,2020–2024,5.3759,2041,398.37977124749114,2022,19
T6:H4,2020–2024,5.3759,2042,408.8850821220155,2022,20
T6:H4,2020–2024,5.3759,2043,394.23577117319553,2022,21
T6:H4,2020–2024,5.3759,2044,354.1677013749311,2022,22
T6:H4,2020–2024,5.3759,2045,293.67156272190107,2022,23
T6:H4,2020–2024,5.3759,2046,222.35842380281412,2022,24
T6:H4,2020–2024,5.3759,2047,151.89375932126717,2022,25
T6:H4,2020–2024,5.3759,2048,92.35761041911766,2022,26
T6:H4,2020–2024,5.3759,2049,49.24667438482861,2022,27
T6:H4,2020–2024,5.3759,2050,22.653076496273716,2022,28
T6:H4,2020–2024,5.3759,2051,8.829226504182234,2022,29
T6:H4,2020–2024,5.3759,2052,2.8593035480298434,2022,30
T6:H4,2020–2024,5.3759,2053,0.753192252643848,2022,31
T6:H4,2020–2024,5.3759,2054,0.15771103049962776,2022,32
T6:H4,2020–2024,5.3759,2055,0.02560544352687344,2022,33
T6:H4,2020–2024,5.3759,2056,0.0031381913912682524,2022,34
T6:H4,2020–2024,5.3759,2057,0.00028208430659715233,2022,35
T6:H4,2020–2024,5.3759,2058,1.8028770722877674e-05,2022,36
T6:H4,2020–2024,5.3759,2059,7.924615866850004e-07,2022,37
T6:H4,2020–2024,5.3759,2060,2.3115020453268187e-08,2022,38
T7:H4,2005–2009,2.4928,2025,210.8993241776485,2007,18
T7:H4,2005–2009,2.4928,2026,201.35023234532014,2007,19
T7:H4,2005–2009,2.4928,2027,189.32897547631183,2007,20
T7:H4,2005–2009,2.4928,2028,175.3621565101081,2007,21
T7:H4,2005–2009,2.4928,2029,160.011220239464,2007,22
T7:H4,2005–2009,2.4928,2030,143.84125693627234,2007,23
T7:H4,2005–2009,2.4928,2031,127.3919881874459,2007,24
T7:H4,2005–2009,2.4928,2032,111.15290661205646,2007,25
T7:H4,2005–2009,2.4928,2033,95.54404607790437,2007,26
T7:H4,2005–2009,2.4928,2034,80.90325181274399,2007,27
T7:H4,2005–2009,2.4928,2035,67.48017605134714,2007,28
T7:H4,2005–2009,2.4928,2036,55.436619550526416,2007,29
T7:H4,2005–2009,2.4928,2037,44.852336512223694,2007,30
T7:H4,2005–2009,2.4928,2038,35.7350654297419,2007,31
T7:H4,2005–2009,2.4928,2039,28.033363097332682,2007,32
T7:H4,2005–2009,2.4928,2040,21.650801690075962,2007,33
T7:H4,2005–2009,2.4928,2041,16.46021694172636,2007,34
T7:H4,2005–2009,2.4928,2042,12.31693170441342,2007,35
T7:H4,2005–2009,2.4928,2043,9.070178711259903,2007,36
T7:H4,2005–2009,2.4928,2044,6.572264145518826,2007,37
T7:H4,2005–2009,2.4928,2045,4.685310636230955,2007,38
T7:H4,2005–2009,2.4928,2046,3.285665791196621,2007,39
T7:H4,2005–2009,2.4928,2047,2.266243743401411,2007,40
T7:H4,2005–2009,2.4928,2048,1.5371776960762844,2007,41
T7:H4,2005–2009,2.4928,2049,1.0252062421772905,2007,42
T7:H4,2005–2009,2.4928,2050,0.6722072892352067,2007,43
T7:H4,2005–2009,2.4928,2051,0.4332462429675843,2007,44
T7:H4,2005–2009,2.4928,2052,0.2744356954903928,2007,45
T7:H4,2005–2009,2.4928,2053,0.17082642575212148,2007,46
T7:H4,2005–2009,2.4928,2054,0.10447504139056463,2007,47
T7:H4,2005–2009,2.4928,2055,0.06276932403515545,2007,48
T7:H4,2005–2009,2.4928,2056,0.03704197543482479,2007,49
T7:H4,2005–2009,2.4928,2057,0.02146777660401611,2007,50
T7:H4,2005–2009,2.4928,2058,0.012216893564897191,2007,51
T7:H4,2005–2009,2.4928,2059,0.0068257439986609825,2007,52
T7:H4,2005–2009,2.4928,2060,0.003743600801048075,2007,53
T7:H4,2005–2009,5.3759,2025,439.7514240479064,2007,18
T7:H4,2005–2009,5.3759,2026,433.03038902767156,2007,19
T7:H4,2005–2009,5.3759,2027,393.179593934661,2007,20
T7:H4,2005–2009,5.3759,2028,325.30539055317007,2007,21
T7:H4,2005–2009,5.3759,2029,241.93422121023883,2007,22
T7:H4,2005–2009,5.3759,2030,159.24669856650158,2007,23
T7:H4,2005–2009,5.3759,2031,91.16414065085125,2007,24
T7:H4,2005–2009,5.3759,2032,44.51333175854597,2007,25
T7:H4,2005–2009,5.3759,2033,18.14193229239848,2007,26
T7:H4,2005–2009,5.3759,2034,6.026480504604624,2007,27
T7:H4,2005–2009,5.3759,2035,1.5896157235778112,2007,28
T7:H4,2005–2009,5.3759,2036,0.3235817338230653,2007,29
T7:H4,2005–2009,5.3759,2037,0.04927794091401694,2007,30
T7:H4,2005–2009,5.3759,2038,0.005428044760591888,2007,31
T7:H4,2005–2009,5.3759,2039,0.00041692501077150723,2007,32
T7:H4,2005–2009,5.3759,2040,2.1461789867061043e-05,2007,33
T7:H4,2005–2009,5.3759,2041,7.092675922137914e-07,2007,34
T7:H4,2005–2009,5.3759,2042,1.4365134859417594e-08,2007,35
T7:H4,2005–2009,5.3759,2043,1.6964918359008152e-10,2007,36
T7:H4,2005–2009,5.3759,2044,9.023892744153272e-13,2007,37
T7:H4,2005–2009,5.3759,2045,0.0,2007,38
T7:H4,2005–2009,5.3759,2046,0.0,2007,39
T7:H4,2005–2009,5.3759,2047,0.0,2007,40
T7:H4,2005–2009,5.3759,2048,0.0,2007,41
T7:H4,2005–2009,5.3759,2049,0.0,2007,42
T7:H4,2005–2009,5.3759,2050,0.0,2007,43
T7:H4,2005–2009,5.3759,2051,0.0,2007,44
T7:H4,2005–2009,5.3759,2052,0.0,2007,45
T7:H4,2005–2009,5.3759,2053,0.0,2007,46
T7:H4,2005–2009,5.3759,2054,0.0,2007,47
T7:H4,2005–2009,5.3759,2055,0.0,2007,48
T7:H4,2005–2009,5.3759,2056,0.0,2007,49
T7:H4,2005–2009,5.3759,2057,0.0,2007,50
T7:H4,2005–2009,5.3759,2058,0.0,2007,51
T7:H4,2005–2009,5.3759,2059,0.0,2007,52
T7:H4,2005–2009,5.3759,2060,0.0,2007,53
T7:H4,2010–2014,2.4928,2025,2008.6716235815354,2012,13
T7:H4,2010–2014,2.4928,2026,2080.817831976352,2012,14
T7:H4,2010–2014,2.4928,2027,2118.1510338551348,2012,15
T7:H4,2010–2014,2.4928,2028,2120.354053529145,2012,16
T7:H4,2010–2014,2.4928,2029,2088.5028099790593,2012,17
T7:H4,2010–2014,2.4928,2030,2024.9760159291395,2012,18
T7:H4,2010–2014,2.4928,2031,1933.289226463272,2012,19
T7:H4,2010–2014,2.4928,2032,1817.8656378103258,2012,20
T7:H4,2010–2014,2.4928,2033,1683.761493400819,2012,21
T7:H4,2010–2014,2.4928,2034,1536.367575040385,2012,22
T7:H4,2010–2014,2.4928,2035,1381.1096670546956,2012,23
T7:H4,2010–2014,2.4928,2036,1223.1699731944702,2012,24
T7:H4,2010–2014,2.4928,2037,1067.2484175465195,2012,25
T7:H4,2010–2014,2.4928,2038,917.3780073833432,2012,26
T7:H4,2010–2014,2.4928,2039,776.8026055573532,2012,27
T7:H4,2010–2014,2.4928,2040,647.9192789615199,2012,28
T7:H4,2010–2014,2.4928,2041,532.2815776282213,2012,29
T7:H4,2010–2014,2.4928,2042,430.6552714181793,2012,30
T7:H4,2010–2014,2.4928,2043,343.1146624345371,2012,31
T7:H4,2010–2014,2.4928,2044,269.1658123575341,2012,32
T7:H4,2010–2014,2.4928,2045,207.88285746763142,2012,33
T7:H4,2010–2014,2.4928,2046,158.04481429210244,2012,34
T7:H4,2010–2014,2.4928,2047,118.26254725342423,2012,35
T7:H4,2010–2014,2.4928,2048,87.08844574115962,2012,36
T7:H4,2010–2014,2.4928,2049,63.10440925745328,2012,37
T7:H4,2010–2014,2.4928,2050,44.98659112607483,2012,38
T7:H4,2010–2014,2.4928,2051,31.54772756847523,2012,39
T7:H4,2010–2014,2.4928,2052,21.759620352181706,2012,40
T7:H4,2010–2014,2.4928,2053,14.75940228311828,2012,41
T7:H4,2010–2014,2.4928,2054,9.843644875984264,2012,42
T7:H4,2010–2014,2.4928,2055,6.454281651881644,2012,43
T7:H4,2010–2014,2.4928,2056,4.159867531210164,2012,44
T7:H4,2010–2014,2.4928,2057,2.6350283645990693,2012,45
T7:H4,2010–2014,2.4928,2058,1.6402111120259675,2012,46
T7:H4,2010–2014,2.4928,2059,1.003130066461915,2012,47
T7:H4,2010–2014,2.4928,2060,0.6026874491082187,2012,48
T7:H4,2010–2014,5.3759,2025,1809.3075156232971,2012,13
T7:H4,2010–2014,5.3759,2026,2378.117551219769,2012,14
T7:H4,2010–2014,5.3759,2027,2979.7837768096174,2012,15
T7:H4,2010–2014,5.3759,2028,3547.743185982635,2012,16
T7:H4,2010–2014,5.3759,2029,3993.6754287507074,2012,17
T7:H4,2010–2014,5.3759,2030,4222.327834097775,2012,18
T7:H4,2010–2014,5.3759,2031,4157.794982836805,2012,19
T7:H4,2010–2014,5.3759,2032,3775.1626316251004,2012,20
T7:H4,2010–2014,5.3759,2033,3123.4600503876104,2012,21
T7:H4,2010–2014,5.3759,2034,2322.9614286035257,2012,22
T7:H4,2010–2014,5.3759,2035,1529.0269253847093,2012,23
T7:H4,2010–2014,5.3759,2036,875.3238022482448,2012,24
T7:H4,2010–2014,5.3759,2037,427.4002752338145,2012,25
T7:H4,2010–2014,5.3759,2038,174.192012790768,2012,26
T7:H4,2010–2014,5.3759,2039,57.86399994344907,2012,27
T7:H4,2010–2014,5.3759,2040,15.262892507315396,2012,28
T7:H4,2010–2014,5.3759,2041,3.106910146532931,2012,29
T7:H4,2010–2014,5.3759,2042,0.47314826092663753,2012,30
T7:H4,2010–2014,5.3759,2043,0.052118044931854346,2012,31
T7:H4,2010–2014,5.3759,2044,0.0040031571961897106,2012,32
T7:H4,2010–2014,5.3759,2045,0.00020606803700851106,2012,33
T7:H4,2010–2014,5.3759,2046,6.810120746991721e-06,2012,34
T7:H4,2010–2014,5.3759,2047,1.379286238556432e-07,2012,35
T7:H4,2010–2014,5.3759,2048,1.6289076754105736e-09,2012,36
T7:H4,2010–2014,5.3759,2049,8.664402528779647e-12,2012,37
T7:H4,2010–2014,5.3759,2050,0.0,2012,38
T7:H4,2010–2014,5.3759,2051,0.0,2012,39
T7:H4,2010–2014,5.3759,2052,0.0,2012,40
T7:H4,2010–2014,5.3759,2053,0.0,2012,41
T7:H4,2010–2014,5.3759,2054,0.0,2012,42
T7:H4,2010–2014,5.3759,2055,0.0,2012,43
T7:H4,2010–2014,5.3759,2056,0.0,2012,44
T7:H4,2010–2014,5.3759,2057,0.0,2012,45
T7:H4,2010–2014,5.3759,2058,0.0,2012,46
T7:H4,2010–2014,5.3759,2059,0.0,2012,47
T7:H4,2010–2014,5.3759,2060,0.0,2012,48
T7:H4,2015–2019,2.4928,2025,4961.27627030318,2017,8
T7:H4,2015–2019,2.4928,2026,5753.371515746517,2017,9
T7:H4,2015–2019,2.4928,2027,6486.604626696174,2017,10
T7:H4,2015–2019,2.4928,2028,7136.801515168297,2017,11
T7:H4,2015–2019,2.4928,2029,7682.847347437765,2017,12
T7:H4,2015–2019,2.4928,2030,8107.628953274273,2017,13
T7:H4,2015–2019,2.4928,2031,8398.83368837568,2017,14
T7:H4,2015–2019,2.4928,2032,8549.522205561558,2017,15
T7:H4,2015–2019,2.4928,2033,8558.414284228847,2017,16
T7:H4,2015–2019,2.4928,2034,8429.852670985156,2017,17
T7:H4,2015–2019,2.4928,2035,8173.438596777515,2017,18
T7:H4,2015–2019,2.4928,2036,7803.361945034515,2017,19
T7:H4,2015–2019,2.4928,2037,7337.476123645322,2017,20
T7:H4,2015–2019,2.4928,2038,6796.189717642356,2017,21
T7:H4,2015–2019,2.4928,2039,6201.261613911373,2017,22
T7:H4,2015–2019,2.4928,2040,5574.591980492084,2017,23
T7:H4,2015–2019,2.4928,2041,4937.097817793041,2017,24
T7:H4,2015–2019,2.4928,2042,4307.749494169661,2017,25
T7:H4,2015–2019,2.4928,2043,3702.8254924498074,2017,26
T7:H4,2015–2019,2.4928,2044,3135.4190609643188,2017,27
T7:H4,2015–2019,2.4928,2045,2615.205513844298,2017,28
T7:H4,2015–2019,2.4928,2046,2148.455466492978,2017,29
T7:H4,2015–2019,2.4928,2047,1738.2598063513149,2017,30
T7:H4,2015–2019,2.4928,2048,1384.9184400220913,2017,31
T7:H4,2015–2019,2.4928,2049,1086.4376774589061,2017,32
T7:H4,2015–2019,2.4928,2050,839.080442172405,2017,33
T7:H4,2015–2019,2.4928,2051,637.9184617467628,2017,34
T7:H4,2015–2019,2.4928,2052,477.34474910846905,2017,35
T7:H4,2015–2019,2.4928,2053,351.51629360289024,2017,36
T7:H4,2015–2019,2.4928,2054,254.70919664944896,2017,37
T7:H4,2015–2019,2.4928,2055,181.57999766658753,2017,38
T7:H4,2015–2019,2.4928,2056,127.33652750473892,2017,39
T7:H4,2015–2019,2.4928,2057,87.82865546984883,2017,40
T7:H4,2015–2019,2.4928,2058,59.57357881636587,2017,41
T7:H4,2015–2019,2.4928,2059,39.732039455995434,2017,42
T7:H4,2015–2019,2.4928,2060,26.051505969939537,2017,43
T7:H4,2015–2019,5.3759,2025,882.861002028816,2017,8
T7:H4,2015–2019,5.3759,2026,1511.3643921697524,2017,9
T7:H4,2015–2019,5.3759,2027,2423.592425780216,2017,10
T7:H4,2015–2019,5.3759,2028,3675.974844306452,2017,11
T7:H4,2015–2019,5.3759,2029,5304.33716508405,2017,12
T7:H4,2015–2019,5.3759,2030,7302.932857132952,2017,13
T7:H4,2015–2019,5.3759,2031,9598.828641876551,2017,14
T7:H4,2015–2019,5.3759,2032,12027.342319040812,2017,15
T7:H4,2015–2019,5.3759,2033,14319.804708629994,2017,16
T7:H4,2015–2019,5.3759,2034,16119.727164953874,2017,17
T7:H4,2015–2019,5.3759,2035,17042.640019431423,2017,18
T7:H4,2015–2019,5.3759,2036,16782.16518263959,2017,19
T7:H4,2015–2019,5.3759,2037,15237.74095086197,2017,20
T7:H4,2015–2019,5.3759,2038,12607.26484190818,2017,21
T7:H4,2015–2019,5.3759,2039,9376.201224122497,2017,22
T7:H4,2015–2019,5.3759,2040,6171.632448553782,2017,23
T7:H4,2015–2019,5.3759,2041,3533.0815247661717,2017,24
T7:H4,2015–2019,5.3759,2042,1725.1216203992983,2017,25
T7:H4,2015–2019,5.3759,2043,703.0936215514402,2017,26
T7:H4,2015–2019,5.3759,2044,233.55726032375318,2017,27
T7:H4,2015–2019,5.3759,2045,61.60582334626694,2017,28
T7:H4,2015–2019,5.3759,2046,12.540464236925839,2017,29
T7:H4,2015–2019,5.3759,2047,1.9097748454474857,2017,30
T7:H4,2015–2019,5.3759,2048,0.21036478293257455,2017,31
T7:H4,2015–2019,5.3759,2049,0.0161579985535244,2017,32
T7:H4,2015–2019,5.3759,2050,0.0008317552573454678,2017,33
T7:H4,2015–2019,5.3759,2051,2.748778421290954e-05,2017,34
T7:H4,2015–2019,5.3759,2052,5.567232050918136e-07,2017,35
T7:H4,2015–2019,5.3759,2053,6.574782496215903e-09,2017,36
T7:H4,2015–2019,5.3759,2054,3.4972247320297356e-11,2017,37
T7:H4,2015–2019,5.3759,2055,0.0,2017,38
T7:H4,2015–2019,5.3759,2056,0.0,2017,39
T7:H4,2015–2019,5.3759,2057,0.0,2017,40
T7:H4,2015–2019,5.3759,2058,0.0,2017,41
T7:H4,2015–2019,5.3759,2059,0.0,2017,42
T7:H4,2015–2019,5.3759,2060,0.0,2017,43
T7:H4,2020–2024,2.4928,2025,1124.825656768809,2022,3
T7:H4,2020–2024,2.4928,2026,1837.6382337597488,2022,4
T7:H4,2020–2024,2.4928,2027,2634.9359142220633,2022,5
T7:H4,2020–2024,2.4928,2028,3485.8895209783354,2022,6
T7:H4,2020–2024,2.4928,2029,4360.780811368344,2022,7
T7:H4,2020–2024,2.4928,2030,5230.191486838809,2022,8
T7:H4,2020–2024,2.4928,2031,6065.220536577674,2022,9
T7:H4,2020–2024,2.4928,2032,6838.1969575264875,2022,10
T7:H4,2020–2024,2.4928,2033,7523.636357708927,2022,11
T7:H4,2020–2024,2.4928,2034,8099.279419647314,2022,12
T7:H4,2020–2024,2.4928,2035,8547.085390846749,2022,13
T7:H4,2020–2024,2.4928,2036,8854.074246833488,2022,14
T7:H4,2020–2024,2.4928,2037,9012.930508168392,2022,15
T7:H4,2020–2024,2.4928,2038,9022.304562668105,2022,16
T7:H4,2020–2024,2.4928,2039,8886.774546098331,2022,17
T7:H4,2020–2024,2.4928,2040,8616.462103299313,2022,18
T7:H4,2020–2024,2.4928,2041,8226.326249545342,2022,19
T7:H4,2020–2024,2.4928,2042,7735.188097966502,2022,20
T7:H4,2020–2024,2.4928,2043,7164.562436669618,2022,21
T7:H4,2020–2024,2.4928,2044,6537.3875457972745,2022,22
T7:H4,2020–2024,2.4928,2045,5876.750644484446,2022,23
T7:H4,2020–2024,2.4928,2046,5204.702493766522,2022,24
T7:H4,2020–2024,2.4928,2047,4541.24170965862,2022,25
T7:H4,2020–2024,2.4928,2048,3903.529114833437,2022,26
T7:H4,2020–2024,2.4928,2049,3305.3676487412367,2022,27
T7:H4,2020–2024,2.4928,2050,2756.9570549246005,2022,28
T7:H4,2020–2024,2.4928,2051,2264.907833890331,2022,29
T7:H4,2020–2024,2.4928,2052,1832.4784079273124,2022,30
T7:H4,2020–2024,2.4928,2053,1459.9849394250703,2022,31
T7:H4,2020–2024,2.4928,2054,1145.325674693633,2022,32
T7:H4,2020–2024,2.4928,2055,884.5609771202836,2022,33
T7:H4,2020–2024,2.4928,2056,672.4954479749906,2022,34
T7:H4,2020–2024,2.4928,2057,503.2181856145166,2022,35
T7:H4,2020–2024,2.4928,2058,370.56947166834937,2022,36
T7:H4,2020–2024,2.4928,2059,268.5151560515883,2022,37
T7:H4,2020–2024,2.4928,2060,191.4221474947134,2022,38
T7:H4,2020–2024,5.3759,2025,8.333939786213843,2022,3
T7:H4,2020–2024,5.3759,2026,34.71748591673196,2022,4
T7:H4,2020–2024,5.3759,2027,102.24539795758722,2022,5
T7:H4,2020–2024,5.3759,2028,243.3781025830261,2022,6
T7:H4,2020–2024,5.3759,2029,501.54083320865504,2022,7
T7:H4,2020–2024,5.3759,2030,930.7145672399574,2022,8
T7:H4,2020–2024,5.3759,2031,1593.2846200791191,2022,9
T7:H4,2020–2024,5.3759,2032,2554.957995134606,2022,10
T7:H4,2020–2024,5.3759,2033,3875.2230855610737,2022,11
T7:H4,2020–2024,5.3759,2034,5591.847253136332,2022,12
T7:H4,2020–2024,5.3759,2035,7698.772488635889,2022,13
T7:H4,2020–2024,5.3759,2036,10119.112323349686,2022,14
T7:H4,2020–2024,5.3759,2037,12679.258315622748,2022,15
T7:H4,2020–2024,5.3759,2038,15095.978655446675,2022,16
T7:H4,2020–2024,5.3759,2039,16993.462003508623,2022,17
T7:H4,2020–2024,5.3759,2040,17966.39934696513,2022,18
T7:H4,2020–2024,5.3759,2041,17691.806036756036,2022,19
T7:H4,2020–2024,5.3759,2042,16063.669640187807,2022,20
T7:H4,2020–2024,5.3759,2043,13290.614280675996,2022,21
T7:H4,2020–2024,5.3759,2044,9884.417869415756,2022,22
T7:H4,2020–2024,5.3759,2045,6506.152395813187,2022,23
T7:H4,2020–2024,5.3759,2046,3724.5845436481395,2022,24
T7:H4,2020–2024,5.3759,2047,1818.62809510961,2022,25
T7:H4,2020–2024,5.3759,2048,741.2032859166483,2022,26
T7:H4,2020–2024,5.3759,2049,246.21672490736776,2022,27
T7:H4,2020–2024,5.3759,2050,64.94503334434366,2022,28
T7:H4,2020–2024,5.3759,2051,13.220192893827294,2022,29
T7:H4,2020–2024,5.3759,2052,2.0132900476086477,2022,30
T7:H4,2020–2024,5.3759,2053,0.221767149596249,2022,31
T7:H4,2020–2024,5.3759,2054,0.017033807809665236,2022,32
T7:H4,2020–2024,5.3759,2055,0.0008768387465420968,2022,33
T7:H4,2020–2024,5.3759,2056,2.897769992027399e-05,2022,34
T7:H4,2020–2024,5.3759,2057,5.868991785895616e-07,2022,35
T7:H4,2020–2024,5.3759,2058,6.9311543171579615e-09,2022,36
T7:H4,2020–2024,5.3759,2059,3.686784211254235e-11,2022,37
T7:H4,2020–2024,5.3759,2060,0.0,2022,38
T8:H4,2005–2009,2.4928,2025,2.7188139873815755,2007,18
T8:H4,2005–2009,2.4928,2026,2.524070677974627,2007,19
T8:H4,2005–2009,2.4928,2027,2.3024543228071033,2007,20
T8:H4,2005–2009,2.4928,2028,2.0638926576257894,2007,21
T8:H4,2005–2009,2.4928,2029,1.8180491140830535,2007,22
T8:H4,2005–2009,2.4928,2030,1.573779247915298,2007,23
T8:H4,2005–2009,2.4928,2031,1.3387023392052382,2007,24
T8:H4,2005–2009,2.4928,2032,1.1189132241444901,2007,25
T8:H4,2005–2009,2.4928,2033,0.9188428656543115,2007,26
T8:H4,2005–2009,2.4928,2034,0.7412602773934269,2007,27
T8:H4,2005–2009,2.4928,2035,0.587395180946257,2007,28
T8:H4,2005–2009,2.4928,2036,0.45715161369196844,2007,29
T8:H4,2005–2009,2.4928,2037,0.34937827801005783,2007,30
T8:H4,2005–2009,2.4928,2038,0.2621616239114708,2007,31
T8:H4,2005–2009,2.4928,2039,0.1931117272702796,2007,32
T8:H4,2005–2009,2.4928,2040,0.13961776839886708,2007,33
T8:H4,2005–2009,2.4928,2041,0.09905795822963048,2007,34
T8:H4,2005–2009,2.4928,2042,0.06895680165149365,2007,35
T8:H4,2005–2009,2.4928,2043,0.047089593924124706,2007,36
T8:H4,2005–2009,2.4928,2044,0.03153935492246562,2007,37
T8:H4,2005–2009,2.4928,2045,0.020714751956738997,2007,38
T8:H4,2005–2009,2.4928,2046,0.013339025179616826,2007,39
T8:H4,2005–2009,2.4928,2047,0.008419837327011681,2007,40
T8:H4,2005–2009,2.4928,2048,0.005208779921553219,2007,41
T8:H4,2005–2009,2.4928,2049,0.0031574624588737166,2007,42
T8:H4,2005–2009,2.4928,2050,0.0018751123030851247,2007,43
T8:H4,2005–2009,2.4928,2051,0.0010907374347715049,2007,44
T8:H4,2005–2009,2.4928,2052,0.0006213466360915909,2007,45
T8:H4,2005–2009,2.4928,2053,0.000346565637101115,2007,46
T8:H4,2005–2009,2.4928,2054,0.0001892308768116635,2007,47
T8:H4,2005–2009,2.4928,2055,0.00010112784907789774,2007,48
T8:H4,2005–2009,2.4928,2056,5.288583023554949e-05,2007,49
T8:H4,2005–2009,2.4928,2057,2.7059230328863038e-05,2007,50
T8:H4,2005–2009,2.4928,2058,1.3543070930488454e-05,2007,51
T8:H4,2005–2009,2.4928,2059,6.629225819398954e-06,2007,52
T8:H4,2005–2009,2.4928,2060,3.1730074305791334e-06,2007,53
T8:H4,2005–2009,5.3759,2025,5.807204325406182,2007,18
T8:H4,2005–2009,5.3759,2026,4.996475738515242,2007,19
T8:H4,2005–2009,5.3759,2027,3.8258601920271325,2007,20
T8:H4,2005–2009,5.3759,2028,2.5593771697453476,2007,21
T8:H4,2005–2009,5.3759,2029,1.4646028094024826,2007,22
T8:H4,2005–2009,5.3759,2030,0.7000829425484936,2007,23
T8:H4,2005–2009,5.3759,2031,0.27218244196122754,2007,24
T8:H4,2005–2009,5.3759,2032,0.08356157882570647,2007,25
T8:H4,2005–2009,5.3759,2033,0.01960645502153735,2007,26
T8:H4,2005–2009,5.3759,2034,0.003391783007827165,2007,27
T8:H4,2005–2009,5.3759,2035,0.0004158866568659825,2007,28
T8:H4,2005–2009,5.3759,2036,3.4618117619622524e-05,2007,29
T8:H4,2005–2009,5.3759,2037,1.8660847271867453e-06,2007,30
T8:H4,2005–2009,5.3759,2038,6.187106249555541e-08,2007,31
T8:H4,2005–2009,5.3759,2039,1.1927867582528506e-09,2007,32
T8:H4,2005–2009,5.3759,2040,1.2573941887694673e-11,2007,33
T8:H4,2005–2009,5.3759,2041,6.927791673660977e-14,2007,34
T8:H4,2005–2009,5.3759,2042,0.0,2007,35
T8:H4,2005–2009,5.3759,2043,0.0,2007,36
T8:H4,2005–2009,5.3759,2044,0.0,2007,37
T8:H4,2005–2009,5.3759,2045,0.0,2007,38
T8:H4,2005–2009,5.3759,2046,0.0,2007,39
T8:H4,2005–2009,5.3759,2047,0.0,2007,40
T8:H4,2005–2009,5.3759,2048,0.0,2007,41
T8:H4,2005–2009,5.3759,2049,0.0,2007,42
T8:H4,2005–2009,5.3759,2050,0.0,2007,43
T8:H4,2005–2009,5.3759,2051,0.0,2007,44
T8:H4,2005–2009,5.3759,2052,0.0,2007,45
T8:H4,2005–2009,5.3759,2053,0.0,2007,46
T8:H4,2005–2009,5.3759,2054,0.0,2007,47
T8:H4,2005–2009,5.3759,2055,0.0,2007,48
T8:H4,2005–2009,5.3759,2056,0.0,2007,49
T8:H4,2005–2009,5.3759,2057,0.0,2007,50
T8:H4,2005–2009,5.3759,2058,0.0,2007,51
T8:H4,2005–2009,5.3759,2059,0.0,2007,52
T8:H4,2005–2009,5.3759,2060,0.0,2007,53
T8:H4,2010–2014,2.4928,2025,34.747372367399045,2012,13
T8:H4,2010–2014,2.4928,2026,35.380539625478136,2012,14
T8:H4,2010–2014,2.4928,2027,35.328949701415766,2012,15
T8:H4,2010–2014,2.4928,2028,34.61946531343648,2012,16
T8:H4,2010–2014,2.4928,2029,33.30809242710366,2012,17
T8:H4,2010–2014,2.4928,2030,31.475500392379008,2012,18
T8:H4,2010–2014,2.4928,2031,29.220972079629338,2012,19
T8:H4,2010–2014,2.4928,2032,26.65533658326685,2012,20
T8:H4,2010–2014,2.4928,2033,23.8935265363601,2012,21
T8:H4,2010–2014,2.4928,2034,21.047414743807657,2012,22
T8:H4,2010–2014,2.4928,2035,18.21952129317326,2012,23
T8:H4,2010–2014,2.4928,2036,15.498054003876026,2012,24
T8:H4,2010–2014,2.4928,2037,12.95357232567275,2012,25
T8:H4,2010–2014,2.4928,2038,10.63737317545953,2012,26
T8:H4,2010–2014,2.4928,2039,8.581513211362365,2012,27
T8:H4,2010–2014,2.4928,2040,6.800228825570128,2012,28
T8:H4,2010–2014,2.4928,2041,5.292409066203173,2012,29
T8:H4,2010–2014,2.4928,2042,4.044725449270285,2012,30
T8:H4,2010–2014,2.4928,2043,3.035024953744335,2012,31
T8:H4,2010–2014,2.4928,2044,2.2356396118597752,2012,32
T8:H4,2010–2014,2.4928,2045,1.6163441649253458,2012,33
T8:H4,2010–2014,2.4928,2046,1.1467863625814914,2012,34
T8:H4,2010–2014,2.4928,2047,0.7983075883499842,2012,35
T8:H4,2010–2014,2.4928,2048,0.545152606583136,2012,36
T8:H4,2010–2014,2.4928,2049,0.3651286858331597,2012,37
T8:H4,2010–2014,2.4928,2050,0.23981308996070916,2012,38
T8:H4,2010–2014,2.4928,2051,0.15442486842556402,2012,39
T8:H4,2010–2014,2.4928,2052,0.09747580905501985,2012,40
T8:H4,2010–2014,2.4928,2053,0.06030164447644304,2012,41
T8:H4,2010–2014,2.4928,2054,0.03655370000465341,2012,42
T8:H4,2010–2014,2.4928,2055,0.02170803089340856,2012,43
T8:H4,2010–2014,2.4928,2056,0.012627383379470114,2012,44
T8:H4,2010–2014,2.4928,2057,0.007193282210137264,2012,45
T8:H4,2010–2014,2.4928,2058,0.004012163721824447,2012,46
T8:H4,2010–2014,2.4928,2059,0.002190711304627335,2012,47
T8:H4,2010–2014,2.4928,2060,0.0011707493297095084,2012,48
T8:H4,2010–2014,5.3759,2025,39.92856299616427,2012,13
T8:H4,2010–2014,5.3759,2026,50.7773032355712,2012,14
T8:H4,2010–2014,5.3759,2027,60.79379516621619,2012,15
T8:H4,2010–2014,5.3759,2028,68.07421754024857,2012,16
T8:H4,2010–2014,5.3759,2029,70.65980818147754,2012,17
T8:H4,2010–2014,5.3759,2030,67.22955776720234,2012,18
T8:H4,2010–2014,5.3759,2031,57.843815280503385,2012,19
T8:H4,2010–2014,5.3759,2032,44.291689146160266,2012,20
T8:H4,2010–2014,5.3759,2033,29.629712618974985,2012,21
T8:H4,2010–2014,5.3759,2034,16.955594062697973,2012,22
T8:H4,2010–2014,5.3759,2035,8.104806373349868,2012,23
T8:H4,2010–2014,5.3759,2036,3.151035193474211,2012,24
T8:H4,2010–2014,5.3759,2037,0.967385970251448,2012,25
T8:H4,2010–2014,5.3759,2038,0.2269824215954901,2012,26
T8:H4,2010–2014,5.3759,2039,0.03926641097522987,2012,27
T8:H4,2010–2014,5.3759,2040,0.004814687835256182,2012,28
T8:H4,2010–2014,5.3759,2041,0.00040077128475024537,2012,29
T8:H4,2010–2014,5.3759,2042,2.1603519341661936e-05,2012,30
T8:H4,2010–2014,5.3759,2043,7.162765311985453e-07,2012,31
T8:H4,2010–2014,5.3759,2044,1.3808800547465694e-08,2012,32
T8:H4,2010–2014,5.3759,2045,1.4556755800754217e-10,2012,33
T8:H4,2010–2014,5.3759,2046,8.020251129892131e-13,2012,34
T8:H4,2010–2014,5.3759,2047,0.0,2012,35
T8:H4,2010–2014,5.3759,2048,0.0,2012,36
T8:H4,2010–2014,5.3759,2049,0.0,2012,37
T8:H4,2010–2014,5.3759,2050,0.0,2012,38
T8:H4,2010–2014,5.3759,2051,0.0,2012,39
T8:H4,2010–2014,5.3759,2052,0.0,2012,40
T8:H4,2010–2014,5.3759,2053,0.0,2012,41
T8:H4,2010–2014,5.3759,2054,0.0,2012,42
T8:H4,2010–2014,5.3759,2055,0.0,2012,43
T8:H4,2010–2014,5.3759,2056,0.0,2012,44
T8:H4,2010–2014,5.3759,2057,0.0,2012,45
T8:H4,2010–2014,5.3759,2058,0.0,2012,46
T8:H4,2010–2014,5.3759,2059,0.0,2012,47
T8:H4,2010–2014,5.3759,2060,0.0,2012,48
T8:H4,2015–2019,2.4928,2025,138.32389217447798,2017,8
T8:H4,2015–2019,2.4928,2026,159.07272364770708,2017,9
T8:H4,2015–2019,2.4928,2027,177.5678859868854,2017,10
T8:H4,2015–2019,2.4928,2028,193.10311016559146,2017,11
T8:H4,2015–2019,2.4928,2029,205.10407732407717,2017,12
T8:H4,2015–2019,2.4928,2030,213.15954510432672,2017,13
T8:H4,2015–2019,2.4928,2031,217.04374225397135,2017,14
T8:H4,2015–2019,2.4928,2032,216.72726120818672,2017,15
T8:H4,2015–2019,2.4928,2033,212.37489269521748,2017,16
T8:H4,2015–2019,2.4928,2034,204.33020819484025,2017,17
T8:H4,2015–2019,2.4928,2035,193.0880779884646,2017,18
T8:H4,2015–2019,2.4928,2036,179.25755795692882,2017,19
T8:H4,2015–2019,2.4928,2037,163.51853488705063,2017,20
T8:H4,2015–2019,2.4928,2038,146.57606893484694,2017,21
T8:H4,2015–2019,2.4928,2039,129.11644958285993,2017,22
T8:H4,2015–2019,2.4928,2040,111.768591587523,2017,23
T8:H4,2015–2019,2.4928,2041,95.07361035932585,2017,24
T8:H4,2015–2019,2.4928,2042,79.46435647626157,2017,25
T8:H4,2015–2019,2.4928,2043,65.25551351656485,2017,26
T8:H4,2015–2019,2.4928,2044,52.6437347002678,2017,27
T8:H4,2015–2019,2.4928,2045,41.71635390835629,2017,28
T8:H4,2015–2019,2.4928,2046,32.466555949316145,2017,29
T8:H4,2015–2019,2.4928,2047,24.812576551752763,2017,30
T8:H4,2015–2019,2.4928,2048,18.61851686740503,2017,31
T8:H4,2015–2019,2.4928,2049,13.71464632325274,2017,32
T8:H4,2015–2019,2.4928,2050,9.915546513404156,2017,33
T8:H4,2015–2019,2.4928,2051,7.035019995038949,2017,34
T8:H4,2015–2019,2.4928,2052,4.897259009595501,2017,35
T8:H4,2015–2019,2.4928,2053,3.3442667377267794,2017,36
T8:H4,2015–2019,2.4928,2054,2.2399007255512604,2017,37
T8:H4,2015–2019,2.4928,2055,1.4711457495430214,2017,38
T8:H4,2015–2019,2.4928,2056,0.9473273074677873,2017,39
T8:H4,2015–2019,2.4928,2057,0.5979703701664257,2017,40
T8:H4,2015–2019,2.4928,2058,0.3699235432749238,2017,41
T8:H4,2015–2019,2.4928,2059,0.2242405550119353,2017,42
T8:H4,2015–2019,2.4928,2060,0.13316903337102626,2017,43
T8:H4,2015–2019,5.3759,2025,31.465642068123486,2017,8
T8:H4,2015–2019,5.3759,2026,53.64803683295953,2017,9
T8:H4,2015–2019,5.3759,2027,85.45201499336784,2017,10
T8:H4,2015–2019,5.3759,2028,128.24204354913908,2017,11
T8:H4,2015–2019,5.3759,2029,182.1105963460701,2017,12
T8:H4,2015–2019,5.3759,2030,244.94382582198443,2017,13
T8:H4,2015–2019,5.3759,2031,311.49598147668513,2017,14
T8:H4,2015–2019,5.3759,2032,372.9426670246452,2017,15
T8:H4,2015–2019,5.3759,2033,417.6047929836179,2017,16
T8:H4,2015–2019,5.3759,2034,433.46623191727,2017,17
T8:H4,2015–2019,5.3759,2035,412.4231841100967,2017,18
T8:H4,2015–2019,5.3759,2036,354.84586350647675,2017,19
T8:H4,2015–2019,5.3759,2037,271.70964786838846,2017,20
T8:H4,2015–2019,5.3759,2038,181.76499784364555,2017,21
T8:H4,2015–2019,5.3759,2039,104.01496490621862,2017,22
T8:H4,2015–2019,5.3759,2040,49.719352054453594,2017,23
T8:H4,2015–2019,5.3759,2041,19.33018765697718,2017,24
T8:H4,2015–2019,5.3759,2042,5.934479050064115,2017,25
T8:H4,2015–2019,5.3759,2043,1.3924353537411045,2017,26
T8:H4,2015–2019,5.3759,2044,0.24088182015203308,2017,27
T8:H4,2015–2019,5.3759,2045,0.0295359504578091,2017,28
T8:H4,2015–2019,5.3759,2046,0.0024585520840243458,2017,29
T8:H4,2015–2019,5.3759,2047,0.0001325279018750125,2017,30
T8:H4,2015–2019,5.3759,2048,4.394035265309348e-06,2017,31
T8:H4,2015–2019,5.3759,2049,8.471079804284187e-08,2017,32
T8:H4,2015–2019,5.3759,2050,8.929916806010851e-10,2017,33
T8:H4,2015–2019,5.3759,2051,4.920064355928844e-12,2017,34
T8:H4,2015–2019,5.3759,2052,0.0,2017,35
T8:H4,2015–2019,5.3759,2053,0.0,2017,36
T8:H4,2015–2019,5.3759,2054,0.0,2017,37
T8:H4,2015–2019,5.3759,2055,0.0,2017,38
T8:H4,2015–2019,5.3759,2056,0.0,2017,39
T8:H4,2015–2019,5.3759,2057,0.0,2017,40
T8:H4,2015–2019,5.3759,2058,0.0,2017,41
T8:H4,2015–2019,5.3759,2059,0.0,2017,42
T8:H4,2015–2019,5.3759,2060,0.0,2017,43
T8:H4,2020–2024,2.4928,2025,150.34783798603357,2022,3
T8:H4,2020–2024,2.4928,2026,245.14446076829407,2022,4
T8:H4,2020–2024,2.4928,2027,350.45657020936426,2022,5
T8:H4,2020–2024,2.4928,2028,461.71285125762,2022,6
T8:H4,2020–2024,2.4928,2029,574.4545888331461,2022,7
T8:H4,2020–2024,2.4928,2030,684.2781440930241,2022,8
T8:H4,2020–2024,2.4928,2031,786.9210907987979,2022,9
T8:H4,2020–2024,2.4928,2032,878.415301677338,2022,10
T8:H4,2020–2024,2.4928,2033,955.2669156824237,2022,11
T8:H4,2020–2024,2.4928,2034,1014.63481955959,2022,12
T8:H4,2020–2024,2.4928,2035,1054.4846275415503,2022,13
T8:H4,2020–2024,2.4928,2036,1073.6994658103988,2022,14
T8:H4,2020–2024,2.4928,2037,1072.1338573009377,2022,15
T8:H4,2020–2024,2.4928,2038,1050.603009653108,2022,16
T8:H4,2020–2024,2.4928,2039,1010.8065457653768,2022,17
T8:H4,2020–2024,2.4928,2040,955.1925526052693,2022,18
T8:H4,2020–2024,2.4928,2041,886.7739849215089,2022,19
T8:H4,2020–2024,2.4928,2042,808.9141927569802,2022,20
T8:H4,2020–2024,2.4928,2043,725.101056964722,2022,21
T8:H4,2020–2024,2.4928,2044,638.7296012535251,2022,22
T8:H4,2020–2024,2.4928,2045,552.9110207723958,2022,23
T8:H4,2020–2024,2.4928,2046,470.3221737488557,2022,24
T8:H4,2020–2024,2.4928,2047,393.10434022876325,2022,25
T8:H4,2020–2024,2.4928,2048,322.81423678151185,2022,26
T8:H4,2020–2024,2.4928,2049,260.42469245577917,2022,27
T8:H4,2020–2024,2.4928,2050,206.36774155206095,2022,28
T8:H4,2020–2024,2.4928,2051,160.60966981804944,2022,29
T8:H4,2020–2024,2.4928,2052,122.74599540318744,2022,30
T8:H4,2020–2024,2.4928,2053,92.10443667766654,2022,31
T8:H4,2020–2024,2.4928,2054,67.84534895193727,2022,32
T8:H4,2020–2024,2.4928,2055,49.05148097844044,2022,33
T8:H4,2020–2024,2.4928,2056,34.80172767109845,2022,34
T8:H4,2020–2024,2.4928,2057,24.226380949444952,2022,35
T8:H4,2020–2024,2.4928,2058,16.543842142304506,2022,36
T8:H4,2020–2024,2.4928,2059,11.080624520740855,2022,37
T8:H4,2020–2024,2.4928,2060,7.277650067262783,2022,38
T8:H4,2020–2024,5.3759,2025,1.3998295025030065,2022,3
T8:H4,2020–2024,5.3759,2026,5.83100481156264,2022,4
T8:H4,2020–2024,5.3759,2027,17.168981780471565,2022,5
T8:H4,2020–2024,5.3759,2028,40.84547713879973,2022,6
T8:H4,2020–2024,5.3759,2029,84.07256728012314,2022,7
T8:H4,2020–2024,5.3759,2030,155.65822229692606,2022,8
T8:H4,2020–2024,5.3759,2031,265.39290140843156,2022,9
T8:H4,2020–2024,5.3759,2032,422.7248475260864,2022,10
T8:H4,2020–2024,5.3759,2033,634.4039787704364,2022,11
T8:H4,2020–2024,5.3759,2034,900.8877564707162,2022,12
T8:H4,2020–2024,5.3759,2035,1211.719131855357,2022,13
T8:H4,2020–2024,5.3759,2036,1540.9477621439376,2022,14
T8:H4,2020–2024,5.3759,2037,1844.9200064644579,2022,15
T8:H4,2020–2024,5.3759,2038,2065.860266184055,2022,16
T8:H4,2020–2024,5.3759,2039,2144.3256406435435,2022,17
T8:H4,2020–2024,5.3759,2040,2040.2272273239525,2022,18
T8:H4,2020–2024,5.3759,2041,1755.396447441057,2022,19
T8:H4,2020–2024,5.3759,2042,1344.1276893873785,2022,20
T8:H4,2020–2024,5.3759,2043,899.1781060399568,2022,21
T8:H4,2020–2024,5.3759,2044,514.5543985571915,2022,22
T8:H4,2020–2024,5.3759,2045,245.95798610420056,2022,23
T8:H4,2020–2024,5.3759,2046,95.62501984980126,2022,24
T8:H4,2020–2024,5.3759,2047,29.35743237628522,2022,25
T8:H4,2020–2024,5.3759,2048,6.888275515162805,2022,26
T8:H4,2020–2024,5.3759,2049,1.1916246878845091,2022,27
T8:H4,2020–2024,5.3759,2050,0.14611217950547373,2022,28
T8:H4,2020–2024,5.3759,2051,0.012162276746016998,2022,29
T8:H4,2020–2024,5.3759,2052,0.0006556058054033587,2022,30
T8:H4,2020–2024,5.3759,2053,2.1736970014063495e-05,2022,31
T8:H4,2020–2024,5.3759,2054,4.190581016638717e-07,2022,32
T8:H4,2020–2024,5.3759,2055,4.417564314351807e-09,2022,33
T8:H4,2020–2024,5.3759,2056,2.4339197324252382e-11,2022,34
T8:H4,2020–2024,5.3759,2057,0.0,2022,35
T8:H4,2020–2024,5.3759,2058,0.0,2022,36
T8:H4,2020–2024,5.3759,2059,0.0,2022,37
T8:H4,2020–2024,5.3759,2060,0.0,2022,38
